アントニオ　猪木[猪木　　寛至],g5989015.jpg
足立　　信也,g7004004.jpg
相原　久美子,g7007005.jpg
愛知　　治郎,g7001004.jpg
青木　　一彦,g7010001.jpg
赤池　　誠章,g7013004.jpg
赤石　　清美,g7010002.jpg
秋野　　公造,g7010003.jpg
東　　　　徹,g7013005.jpg
荒井　　広幸,g7004005.jpg
荒木　　清寛,g5992005.jpg
有田　　芳生,g7010004.jpg
有村　　治子,g7001006.jpg
井上　　哲士,g7001007.jpg
井上　　義行,g7013006.jpg
井原　　　巧,g7013007.jpg
石井　　準一,g7007007.jpg
石井　　浩郎,g7010005.jpg
石井　　正弘,g7013008.jpg
石井　みどり,g7007009.jpg
石上　　俊雄,g7013009.jpg
石川　　博崇,g7010006.jpg
石田　　昌宏,g7013010.jpg
石橋　　通宏,g7010007.jpg
磯崎　　仁彦,g7010008.jpg
礒崎　　哲史,g7013011.jpg
礒崎　　陽輔,g7007010.jpg
市田　　忠義,g5998007.jpg
糸数　　慶子,g7004007.jpg
猪口　　邦子,g7010009.jpg
岩井　　茂樹,g7010010.jpg
岩城　　光英,g5998009.jpg
宇都　　隆史,g7010011.jpg
上野　　通子,g7010013.jpg
魚住　裕一郎,g5995011.jpg
江口　　克彦,g7010014.jpg
江崎　　　孝,g7010015.jpg
江島　　　潔,g7013001.jpg
江田　　五月,g5977009.jpg
衛藤　　晟一,g7007014.jpg
小川　　勝也,g5995014.jpg
小川　　敏夫,g5998013.jpg
小野　　次郎,g7010017.jpg
尾立　　源幸,g7004015.jpg
尾辻　　秀久,g5989018.jpg
大家　　敏志,g7010018.jpg
大久保　　勉,g7004011.jpg
大島　九州男,g7007017.jpg
大塚　　耕平,g7001013.jpg
大沼　みずほ[亀　　　瑞穂],g7013012.jpg
大野　　元裕,g7010019.jpg
大野　　泰正,g7013013.jpg
太田　　房江[齊藤　　房江],g7013014.jpg
岡田　　直樹,g7004012.jpg
岡田　　　広,g7003002.jpg
加藤　　敏幸,g7004016.jpg
風間　　直樹,g7007019.jpg
片山　さつき,g7010020.jpg
片山　虎之助,g5989020.jpg
金子　原二郎,g7010021.jpg
金子　　洋一,g7009003.jpg
神本　美恵子,g7001018.jpg
紙　　　智子[内山　　智子],g7001010.jpg
川田　　龍平,g7007025.jpg
河野　　義博,g7013015.jpg
木村　　義雄,g7013016.jpg
吉良　よし子[吉良　　佳子],g7013017.jpg
儀間　　光男,g7013018.jpg
岸　　　宏一,g5998019.jpg
北川　イッセイ[北川　　一成],g7004020.jpg
北澤　　俊美,g5992021.jpg
北村　　経夫,g7013019.jpg
熊谷　　　大,g7010022.jpg
倉林　　明子,g7013020.jpg
郡司　　　彰,g5998021.jpg
小池　　　晃,g5998022.jpg
小泉　　昭男,g7004024.jpg
小坂　　憲次,g7010023.jpg
小西　　洋之,g7010024.jpg
小林　　正夫,g7004025.jpg
小見山　幸治,g7010025.jpg
古賀　友一郎,g7013021.jpg
上月　　良祐,g7013022.jpg
行田　　邦子[山崎　　邦子],g7007065.jpg
鴻池　　祥肇,g5995030.jpg
輿石　　　東,g5998024.jpg
佐々木　さやか,g7013023.jpg
佐藤　　信秋,g7007028.jpg
佐藤　　正久,g7007029.jpg
佐藤　ゆかり,g7010026.jpg
斎藤　　嘉隆,g7010027.jpg
酒井　　庸行,g7013024.jpg
櫻井　　　充,g5998030.jpg
山東　　昭子,g5974040.jpg
清水　　貴之,g7013025.jpg
芝　　　博一,g7004029.jpg
柴田　　　巧,g7010029.jpg
島尻　安伊子,g7007002.jpg
島田　　三郎,g7013026.jpg
島村　　　大,g7013027.jpg
主濱　　　了,g7004032.jpg
榛葉　賀津也,g7001027.jpg
末松　　信介,g7004033.jpg
杉　　　久武,g7013028.jpg
世耕　　弘成,g5998069.jpg
関口　　昌一,g7003005.jpg
田城　　　郁,g7010030.jpg
田中　　　茂,g7014001.jpg
田中　　直紀,g5998031.jpg
田村　　智子,g7010031.jpg
伊達　　忠一,g7001030.jpg
大門　実紀史,g7001001.jpg
高階　恵美子,g7010032.jpg
高野　光二郎,g7013029.jpg
高橋　　克法,g7013030.jpg
滝沢　　　求,g7013031.jpg
滝波　　宏文,g7013032.jpg
竹谷　とし子[菊地　とし子],g7010033.jpg
武見　　敬三,g5995043.jpg
辰已　孝太郎,g7013033.jpg
谷　　　亮子,g7010034.jpg
谷合　　正明,g7004036.jpg
柘植　　芳文,g7013034.jpg
津田　弥太郎,g7004037.jpg
塚田　　一郎,g7007035.jpg
鶴保　　庸介,g5998036.jpg
寺田　　典城,g7010035.jpg
堂故　　　茂,g7013035.jpg
徳永　　エリ[鈴木　　エリ],g7010036.jpg
豊田　　俊郎,g7013036.jpg
那谷屋　正義,g7004041.jpg
直嶋　　正行,g5992037.jpg
中泉　　松司,g7013037.jpg
中川　　雅治,g7004039.jpg
中曽根　弘文,g5986024.jpg
中西　　健治,g7010037.jpg
中西　　祐介,g7010038.jpg
中野　　正志,g7013038.jpg
中原　　八一,g7010039.jpg
中山　　恭子,g7007043.jpg
長沢　　広明,g7010040.jpg
長浜　　博行,g7007041.jpg
長峯　　　誠,g7013039.jpg
難波　　奨二,g7010041.jpg
二之湯　　智,g7004044.jpg
二之湯　武史,g7013040.jpg
仁比　　聡平,g7004045.jpg
新妻　　秀規,g7013041.jpg
西田　　昌司,g7007044.jpg
西田　　実仁,g7004043.jpg
西村　まさみ[山本　　正美],g7010042.jpg
野上　浩太郎,g7001037.jpg
野田　　国義,g7013042.jpg
野村　　哲郎,g7004046.jpg
羽田　雄一郎,g5999002.jpg
羽生田　　俊,g7013043.jpg
長谷川　　岳,g7010043.jpg
馬場　　成志,g7013044.jpg
白　　　眞勲,g7004047.jpg
橋本　　聖子[石崎　　聖子],g5995054.jpg
浜田　　和幸,g7010044.jpg
浜田　　昌良,g7004049.jpg
浜野　　喜史,g7013045.jpg
林　　久美子[世耕　久美子],g7004017.jpg
林　　　芳正,g5995058.jpg
平木　　大作,g7013046.jpg
平野　　達男,g7001038.jpg
広田　　　一,g7004050.jpg
福岡　　資麿,g7010045.jpg
福島　みずほ[福島　　瑞穂],g5998049.jpg
福山　　哲郎,g5998050.jpg
藤井　　基之,g7001041.jpg
藤川　　政人,g7010046.jpg
藤末　　健三,g7004051.jpg
藤田　　幸久,g7007049.jpg
藤巻　　健史,g7013047.jpg
藤本　　祐司,g7004052.jpg
古川　　俊治,g7007053.jpg
堀井　　　巌,g7013048.jpg
堀内　　恒夫,g7013068.jpg
真山　　勇一,g7012003.jpg
舞立　　昇治,g7013049.jpg
前川　　清成,g7004053.jpg
前田　　武志,g7004054.jpg
牧野　たかお[牧野　　京夫],g7007054.jpg
牧山　ひろえ[牧山　　弘惠],g7007055.jpg
増子　　輝彦,g7007003.jpg
又市　　征治,g7001044.jpg
松沢　　成文,g7013050.jpg
松下　　新平,g7004056.jpg
松田　　公太,g7010047.jpg
松村　　祥史,g7004057.jpg
松山　　政司,g7001046.jpg
丸川　　珠代[大塚　　珠代],g7007058.jpg
丸山　　和也,g7007059.jpg
三木　　　亨,g7013051.jpg
三原　じゅん子[三原　　順子],g7010048.jpg
三宅　　伸吾,g7013052.jpg
水岡　　俊一,g7004058.jpg
水落　　敏栄,g7004059.jpg
水野　　賢一,g7010049.jpg
溝手　　顕正,g5993006.jpg
宮沢　　洋一,g7010050.jpg
宮本　　周司,g7013053.jpg
室井　　邦彦,g7007062.jpg
森　　まさこ[三好　　雅子],g7007061.jpg
森本　　真治,g7013054.jpg
森屋　　　宏,g7013055.jpg
矢倉　　克夫,g7013056.jpg
薬師寺　みちよ[齋藤　　道代],g7013057.jpg
安井　美沙子,g7010051.jpg
柳澤　　光美,g7004061.jpg
柳田　　　稔,g5998060.jpg
柳本　　卓治,g7013058.jpg
山口　　和之,g7013059.jpg
山口　那津男,g7001049.jpg
山崎　　　力,g5995070.jpg
山崎　　正昭,g5992051.jpg
山下　　雄平,g7013060.jpg
山下　　芳生,g5995071.jpg
山田　　修路,g7013061.jpg
山田　　太郎,g7012005.jpg
山田　　俊男,g7007067.jpg
山谷　えり子[小川　惠里子],g7004013.jpg
山本　　一太,g5995072.jpg
山本　　香苗[池田　　香苗],g7001051.jpg
山本　　順三,g7004062.jpg
山本　　太郎,g7013062.jpg
山本　　博司,g7007068.jpg
横山　　信一,g7010052.jpg
吉川　　沙織,g7007071.jpg
吉川　ゆうみ[吉川　　有美],g7013063.jpg
吉田　　忠智,g7010053.jpg
吉田　　博美,g7001053.jpg
蓮舫[村田　　蓮舫],g7004060.jpg
和田　　政宗,g7013064.jpg
若林　　健太,g7010054.jpg
若松　　謙維,g7013065.jpg
脇　　　雅史,g5998066.jpg
渡辺　　猛之,g7010055.jpg
渡辺　美知太郎,g7013066.jpg
渡邉　　美樹,g7013067.jpg
