逢沢　　一郎君,009.jpg
青柳　陽一郎君,010.jpg
青山　　周平君,011.jpg
赤枝　　恒雄君,012.jpg
赤澤　　亮正君,013.jpg
赤羽　　一嘉君,014.jpg
あかま　二郎君,003.jpg
赤松　　広隆君,015.jpg
赤嶺　　政賢君,016.jpg
秋葉　　賢也君,017.jpg
秋元　　　司君,018.jpg
秋本　　真利君,019.jpg
浅尾　慶一郎君,020.jpg
安住　　　淳君,005.jpg
麻生　　太郎君,021.jpg
足立　　康史君,007.jpg
穴見　　陽一君,022.jpg
安倍　　晋三君,006.jpg
あべ　　俊子君,004.jpg
阿部　　知子君,008.jpg
甘利　　　明君,023.jpg
荒井　　　聰君,024.jpg
安藤　　　裕君,025.jpg
池内　さおり君,042.jpg
池田　　道孝君,043.jpg
池田　　佳隆君,044.jpg
伊佐　　進一君,034.jpg
井坂　　信彦君,026.jpg
石井　　啓一君,045.jpg
石川　　昭政君,046.jpg
石崎　　　徹君,047.jpg
石関　　貴史君,048.jpg
石田　　祝稔君,049.jpg
石田　　真敏君,050.jpg
石破　　　茂君,051.jpg
石原　　伸晃君,052.jpg
石原　　宏高君,053.jpg
泉　　　健太君,054.jpg
井出　　庸生君,027.jpg
伊藤　信太郎君,037.jpg
伊藤　　忠彦君,038.jpg
伊藤　　達也君,039.jpg
伊東　　信久君,035.jpg
伊東　　良孝君,036.jpg
伊藤　　　渉君,040.jpg
稲田　　朋美君,055.jpg
稲津　　　久君,056.jpg
井野　　俊郎君,028.jpg
井上　　信治君,029.jpg
井上　　貴博君,030.jpg
井上　　英孝君,031.jpg
井上　　義久君,032.jpg
井林　　辰憲君,033.jpg
伊吹　　文明君,041.jpg
今井　　雅人君,057.jpg
今枝　宗一郎君,058.jpg
今津　　　寛君,059.jpg
今村　　雅弘君,060.jpg
岩田　　和親君,061.jpg
岩屋　　　毅君,062.jpg
上田　　　勇君,064.jpg
上西　小百合君,065.jpg
うえの賢一郎君,063.jpg
浮島　　智子君,066.jpg
梅村　さえこ君,067.jpg
浦野　　靖人君,068.jpg
漆原　　良夫君,069.jpg
江崎　　鐵磨君,070.jpg
江田　　憲司君,071.jpg
江田　　康幸君,072.jpg
枝野　　幸男君,076.jpg
江渡　　聡徳君,073.jpg
衛藤　征士郎君,075.jpg
江藤　　　拓君,074.jpg
遠藤　　　敬君,077.jpg
遠藤　　利明君,078.jpg
大岡　　敏孝君,092.jpg
大串　　博志君,093.jpg
大串　　正樹君,094.jpg
大口　　善徳君,095.jpg
大隈　　和英君,096.jpg
逢坂　　誠二君,110.jpg
大島　　　敦君,097.jpg
大島　　理森君,098.jpg
太田　　昭宏君,108.jpg
太田　　和美君,109.jpg
大塚　　高司君,099.jpg
大塚　　　拓君,100.jpg
大西　　健介君,101.jpg
大西　　英男君,102.jpg
大西　　宏幸君,103.jpg
大野　敬太郎君,104.jpg
大畠　　章宏君,105.jpg
大平　　喜信君,106.jpg
大見　　　正君,107.jpg
岡下　　昌平君,111.jpg
岡田　　克也君,112.jpg
緒方　林太郎君,091.jpg
岡本　　三成君,113.jpg
岡本　　充功君,114.jpg
小川　　淳也君,079.jpg
奥野　　信亮君,115.jpg
奥野　総一郎君,116.jpg
小熊　　慎司君,080.jpg
小倉　　將信君,081.jpg
小此木　八郎君,082.jpg
小里　　泰弘君,083.jpg
小沢　　一郎君,084.jpg
小沢　　鋭仁君,085.jpg
小田原　　潔君,086.jpg
越智　　隆雄君,090.jpg
落合　　貴之君,117.jpg
鬼木　　　誠君,118.jpg
小野寺　五典君,087.jpg
小渕　　優子君,088.jpg
尾身　　朝子君,089.jpg
柿沢　　未途君,122.jpg
笠井　　　亮君,123.jpg
梶山　　弘志君,124.jpg
勝沼　　栄明君,125.jpg
勝俣　　孝明君,126.jpg
門　　　博文君,127.jpg
加藤　　鮎子君,119.jpg
加藤　　勝信君,120.jpg
加藤　　寛治君,121.jpg
門山　　宏哲君,128.jpg
金子　　恵美君,129.jpg
金子　　一義君,130.jpg
金子　万寿夫君,131.jpg
金子　めぐみ君,132.jpg
金子　　恭之君,133.jpg
金田　　勝年君,134.jpg
上川　　陽子君,135.jpg
神谷　　　昇君,136.jpg
神山　　佐市君,137.jpg
神山　　洋介君,138.jpg
亀井　　静香君,139.jpg
亀岡　　偉民君,140.jpg
鴨下　　一郎君,141.jpg
河井　　克行君,143.jpg
川崎　　二郎君,142.jpg
河野　　正美君,144.jpg
川端　　達夫君,002.jpg
河村　　建夫君,145.jpg
菅　　　直人君,147.jpg
菅家　　一郎君,148.jpg
神田　　憲次君,146.jpg
木内　　孝胤君,149.jpg
木内　　　均君,150.jpg
城内　　　実君,157.jpg
黄川田　　徹君,158.jpg
黄川田　仁志君,159.jpg
菊田　真紀子君,160.jpg
岸　　　信夫君,161.jpg
岸田　　文雄君,162.jpg
岸本　　周平君,163.jpg
北側　　一雄君,165.jpg
北川　　知克君,164.jpg
北村　　茂男君,166.jpg
北村　　誠吾君,167.jpg
木下　　智彦君,151.jpg
木原　　誠二君,152.jpg
木原　　　稔君,153.jpg
木村　　太郎君,154.jpg
木村　　弥生君,155.jpg
吉良　　州司君,156.jpg
工藤　　彰三君,168.jpg
國重　　　徹君,169.jpg
熊田　　裕通君,170.jpg
黒岩　　宇洋君,171.jpg
玄葉　光一郎君,172.jpg
小池　百合子君,173.jpg
小泉　進次郎君,174.jpg
小泉　　龍司君,175.jpg
河野　　太郎君,186.jpg
高村　　正彦君,187.jpg
郡　　　和子君,188.jpg
古賀　　　篤君,182.jpg
穀田　　恵二君,190.jpg
國場　幸之助君,189.jpg
小島　　敏文君,176.jpg
輿水　　恵一君,191.jpg
後藤　　茂之君,183.jpg
後藤　　祐一君,184.jpg
後藤田　正純君,185.jpg
小林　　鷹之君,177.jpg
小林　　史明君,178.jpg
小松　　　裕君,179.jpg
小宮山　泰子君,180.jpg
小山　　展弘君,181.jpg
近藤　　昭一君,193.jpg
近藤　　洋介君,194.jpg
今野　　智博君,192.jpg
斉藤　　和子君,203.jpg
齋藤　　　健君,205.jpg
斉藤　　鉄夫君,204.jpg
斎藤　　洋明君,206.jpg
坂井　　　学君,207.jpg
坂本　　哲志君,208.jpg
坂本　祐之輔君,209.jpg
櫻田　　義孝君,210.jpg
笹川　　博義君,211.jpg
佐々木　隆博君,196.jpg
佐々木　　紀君,197.jpg
佐田　玄一郎君,198.jpg
左藤　　　章君,195.jpg
佐藤　　茂樹君,199.jpg
佐藤　　　勉君,200.jpg
佐藤　　英道君,201.jpg
佐藤　ゆかり君,202.jpg
志位　　和夫君,212.jpg
椎木　　　保君,501.jpg
塩川　　鉄也君,214.jpg
塩崎　　恭久君,215.jpg
塩谷　　　立君,216.jpg
重徳　　和彦君,217.jpg
階　　　　猛君,218.jpg
篠原　　　豪君,219.jpg
篠原　　　孝君,220.jpg
柴山　　昌彦君,221.jpg
島田　　佳和君,222.jpg
島津　　幸広君,223.jpg
清水　　忠史君,213.jpg
下地　　幹郎君,224.jpg
下村　　博文君,225.jpg
白石　　　徹君,226.jpg
白須賀　貴樹君,227.jpg
新谷　　正義君,228.jpg
新藤　　義孝君,229.jpg
菅　　　義偉君,230.jpg
菅原　　一秀君,231.jpg
助田　　重義君,232.jpg
鈴木　　克昌君,233.jpg
鈴木　　馨祐君,234.jpg
鈴木　　俊一君,235.jpg
鈴木　　淳司君,236.jpg
鈴木　　貴子君,237.jpg
鈴木　　憲和君,238.jpg
鈴木　　隼人君,239.jpg
鈴木　　義弘君,240.jpg
関　　　芳弘君,242.jpg
瀬戸　　隆一君,241.jpg
薗浦　健太郎君,244.jpg
園田　　博之君,243.jpg
平　　　将明君,255.jpg
高井　　崇志君,256.jpg
高市　　早苗君,257.jpg
高木　　　毅君,258.jpg
高木　　宏壽君,259.jpg
高木　美智代君,260.jpg
高木　　陽介君,261.jpg
高木　　義明君,262.jpg
高鳥　　修一君,263.jpg
高橋　千鶴子君,264.jpg
高橋　ひなこ君,265.jpg
武井　　俊輔君,269.jpg
竹内　　　譲君,266.jpg
竹下　　　亘君,267.jpg
武田　　良太君,270.jpg
武部　　　新君,271.jpg
武正　　公一君,272.jpg
武村　　展英君,273.jpg
竹本　　直一君,268.jpg
田島　　一成君,245.jpg
田嶋　　　要君,246.jpg
橘　　慶一郎君,274.jpg
田所　　嘉徳君,247.jpg
田中　　和徳君,248.jpg
田中　　英之君,249.jpg
田中　　良生君,250.jpg
棚橋　　泰文君,275.jpg
谷　　　公一君,276.jpg
谷垣　　禎一君,277.jpg
谷川　　とむ君,278.jpg
谷川　　弥一君,279.jpg
谷畑　　　孝君,280.jpg
田野瀬　太道君,251.jpg
田畑　　裕明君,252.jpg
玉城　デニー君,282.jpg
玉木　雄一郎君,281.jpg
田村　　貴昭君,253.jpg
田村　　憲久君,254.jpg
辻　　　清人君,285.jpg
津島　　　淳君,283.jpg
辻元　　清美君,286.jpg
土屋　　品子君,287.jpg
土屋　　正忠君,288.jpg
角田　　秀穂君,289.jpg
津村　　啓介君,284.jpg
寺田　　　学君,290.jpg
寺田　　　稔君,291.jpg
照屋　　寛徳君,292.jpg
土井　　　亨君,294.jpg
遠山　　清彦君,297.jpg
渡海　紀三朗君,296.jpg
冨樫　　博之君,295.jpg
とかしきなおみ君,293.jpg
冨岡　　　勉君,298.jpg
富田　　茂之君,299.jpg
豊田　真由子君,300.jpg
長尾　　　敬君,317.jpg
永岡　　桂子君,316.jpg
中川　　俊直君,301.jpg
中川　　正春君,302.jpg
中川　　康洋君,303.jpg
中川　　郁子君,304.jpg
長坂　　康正君,318.jpg
長崎　幸太郎君,319.jpg
仲里　　利信君,315.jpg
長島　　昭久君,320.jpg
中島　　克仁君,305.jpg
長島　　忠美君,321.jpg
中谷　　　元君,306.jpg
中谷　　真一君,307.jpg
長妻　　　昭君,322.jpg
中根　　一幸君,308.jpg
中根　　康浩君,309.jpg
中野　　洋昌君,310.jpg
中村　喜四郎君,311.jpg
中村　　裕之君,312.jpg
中山　　展宏君,313.jpg
中山　　泰秀君,314.jpg
二階　　俊博君,323.jpg
西川　　公也君,326.jpg
西村　　明宏君,327.jpg
西村　智奈美君,328.jpg
西村　　康稔君,329.jpg
西銘　恒三郎君,330.jpg
丹羽　　秀樹君,324.jpg
丹羽　　雄哉君,325.jpg
額賀　福志郎君,331.jpg
根本　　　匠君,332.jpg
根本　　幸典君,333.jpg
野田　　聖子君,334.jpg
野田　　　毅君,335.jpg
野田　　佳彦君,336.jpg
野中　　　厚君,337.jpg
野間　　　健君,338.jpg
萩生田　光一君,341.jpg
橋本　　　岳君,342.jpg
橋本　　英教君,343.jpg
馳　　　　浩君,344.jpg
畑野　　君枝君,345.jpg
畠山　　和也君,346.jpg
初鹿　　明博君,347.jpg
鳩山　　邦夫君,348.jpg
葉梨　　康弘君,339.jpg
馬場　　伸幸君,340.jpg
浜田　　靖一君,349.jpg
浜地　　雅一君,350.jpg
濱村　　　進君,351.jpg
林　　　幹雄君,352.jpg
原口　　一博君,353.jpg
原田　　憲治君,354.jpg
原田　　義昭君,355.jpg
伴野　　　豊君,356.jpg
比嘉　奈津美君,357.jpg
樋口　　尚也君,358.jpg
平井　たくや君,359.jpg
平口　　　洋君,360.jpg
平沢　　勝栄君,361.jpg
平沼　　赳夫君,362.jpg
平野　　博文君,363.jpg
福井　　　照君,365.jpg
福島　　伸享君,366.jpg
福田　　昭夫君,367.jpg
福田　　達夫君,368.jpg
ふくだ　峰之君,364.jpg
福山　　　守君,369.jpg
藤井　比早之君,370.jpg
藤野　　保史君,371.jpg
藤丸　　　敏君,372.jpg
藤原　　　崇君,373.jpg
船田　　　元君,374.jpg
古川　　元久君,375.jpg
古川　　　康君,376.jpg
古川　　禎久君,377.jpg
古田　　圭一君,378.jpg
古本　伸一郎君,379.jpg
古屋　　圭司君,380.jpg
古屋　　範子君,381.jpg
星野　　剛士君,382.jpg
細田　　健一君,383.jpg
細田　　博之君,384.jpg
細野　　豪志君,385.jpg
堀井　　　学君,386.jpg
堀内　　照文君,387.jpg
堀内　　詔子君,388.jpg
前川　　　恵君,392.jpg
前田　　一男君,393.jpg
前原　　誠司君,394.jpg
牧　　　義夫君,395.jpg
牧島　かれん君,396.jpg
牧原　　秀樹君,397.jpg
真島　　省三君,389.jpg
升田　世喜男君,398.jpg
桝屋　　敬悟君,399.jpg
松木けんこう君,400.jpg
松島　みどり君,401.jpg
松田　　直久君,402.jpg
松浪　　健太君,403.jpg
松野　　博一君,404.jpg
松野　　頼久君,405.jpg
松原　　　仁君,406.jpg
松本　　　純君,407.jpg
松本　　剛明君,408.jpg
松本　　文明君,409.jpg
松本　　洋平君,410.jpg
馬淵　　澄夫君,391.jpg
真山　　祐一君,390.jpg
丸山　　穂高君,411.jpg
三ッ林　裕巳君,412.jpg
三ッ矢　憲生君,413.jpg
水戸　　将史君,415.jpg
御法川　信英君,416.jpg
三原　　朝彦君,414.jpg
宮内　　秀樹君,417.jpg
宮川　　典子君,418.jpg
宮腰　　光寛君,419.jpg
宮崎　　謙介君,420.jpg
宮崎　　岳志君,421.jpg
宮崎　　政久君,422.jpg
宮澤　　博行君,423.jpg
宮路　　拓馬君,424.jpg
宮下　　一郎君,425.jpg
宮本　　岳志君,426.jpg
宮本　　　徹君,427.jpg
務台　　俊介君,430.jpg
武藤　　貴也君,428.jpg
武藤　　容治君,429.jpg
宗清　　皇一君,431.jpg
村井　　英樹君,432.jpg
村岡　　敏英君,433.jpg
村上　誠一郎君,434.jpg
望月　　義夫君,435.jpg
茂木　　敏充君,436.jpg
本村　賢太郎君,437.jpg
本村　　伸子君,438.jpg
森　　　英介君,440.jpg
森山　　　裕君,441.jpg
盛山　　正仁君,439.jpg
八木　　哲也君,442.jpg
保岡　　興治君,443.jpg
簗　　　和生君,444.jpg
山尾　志桜里君,445.jpg
山際　大志郎君,446.jpg
山口　　俊一君,447.jpg
山口　　泰明君,448.jpg
山口　　　壯君,449.jpg
山下　　貴司君,450.jpg
山田　　賢司君,451.jpg
山田　　美樹君,452.jpg
山井　　和則君,453.jpg
山本　　公一君,454.jpg
山本　　幸三君,455.jpg
山本　　　拓君,456.jpg
山本ともひろ君,457.jpg
山本　　有二君,458.jpg
柚木　　道義君,459.jpg
横路　　孝弘君,460.jpg
横山　　博幸君,461.jpg
義家　　弘介君,468.jpg
吉川　　貴盛君,462.jpg
吉川　　　元君,463.jpg
吉田　　豊史君,464.jpg
吉田　　宣弘君,465.jpg
吉野　　正芳君,466.jpg
笠　　　浩史君,469.jpg
若狭　　　勝君,470.jpg
若宮　　健嗣君,471.jpg
鷲尾　英一郎君,472.jpg
渡辺　　孝一君,473.jpg
渡辺　　　周君,474.jpg
渡辺　　博道君,475.jpg
